,,,,,,,
Social Activities with Titles and Subtitles for 1v1 Matchup App,,,,,,,
Activity,Subtitle,Social Intensity,Structure,Novelty,Formality,Energy Level,Scale & Immersion
Rare Spirits Guided Tasting,Sample premium whiskeys with expert commentary,6,8,5,7,3,3
Rooftop Dawn Yoga & Breakfast,Morning stretches with skyline views and healthy meal,3,8,6,3,5,4
Neon Glow Competitive Dodgeball,Team sport under blacklights with glowing equipment,8,8,8,2,9,6
1920s-Themed Whodunit Dinner,Solve a staged murder while dining in period costumes,9,9,8,8,6,7
Acoustic Beachside Bonfire,Casual guitar singalong around flames on the sand,6,3,3,1,5,5
Immersive Film Set Adventure,Explore interactive movie environments with performers,5,8,9,6,5,9
Victorian Era Tea Service,Elegant finger sandwiches and proper etiquette lessons,6,9,2,9,2,3
Hidden Gems Photo Expedition,Guided tour to photograph secret city locations,4,5,7,3,6,5
Chandeliers Fundraiser Ball,Black-tie gala with champagne and silent auction,8,9,2,10,4,8
Luminescent Battlefield Game,Capture-the-flag in the dark with glow-in-the-dark gear,8,7,8,1,9,5
Weightless Isolation Therapy,Float in soundproof saltwater tank for sensory deprivation,1,5,8,3,1,9
Strategy Games Championship,Competitive board games with prizes and brackets,8,8,5,3,4,5
Hands-On Culinary Masterclass,"Cook alongside renowned chef, then enjoy your creation",6,8,7,6,6,6
Underground All-Night Dance,Warehouse rave with DJs playing until sunrise,6,3,8,2,10,9
Mindfulness Nature Trail,Guided meditation walk through botanical gardens,2,6,5,4,2,5
Diplomatic Food Exchange,Multicultural dinner with dishes from different embassies,7,8,8,9,3,7
Live-Action Survival Horror,Escape zombies in realistic apocalypse simulation,9,8,9,3,10,9
Skyview Cocktail Competition,Invent signature drinks on rooftop with city panorama,8,7,7,7,5,5
Cozy Venue Silent Reading,Gather to enjoy books individually in comfortable space,2,3,5,4,1,3
Team VR Gaming Tournament,Compete in virtual reality games with friends,5,8,9,3,8,9
Waterborne Sunrise Meditation,Practice mindfulness while floating on paddleboards,3,5,8,3,5,7
Multi-Venue Traveling Dinner,Enjoy each course at different neighborhood restaurants,8,8,7,6,6,7
Traditional Craft Workshop,Learn ancestral techniques from cultural artisans,5,8,8,4,5,7
24-Hour Dance Challenge,Raise money through non-stop sponsored dancing,8,6,5,2,10,10
Hidden-Entrance Jazz Club,Find the unmarked door to vintage music and cocktails,6,3,7,7,4,6
Muddy Endurance Race,Overcome extreme obstacles requiring teamwork,7,8,7,1,10,8
Historical Immersion Weekend,Live like it's another century with period activities,8,9,8,8,7,10
Art Preview with Champagne,First look at new gallery exhibits with upscale drinks,6,4,5,8,3,5
Harbor Wine Flight Cruise,Taste wines while sailing at sunset,7,6,8,7,3,7
Desert Stargazing Expedition,Camp under dark skies with professional telescopes,5,6,8,2,3,9
# 30 More Social Activities for 23-Year-Olds (<$200/person),,,,,,,
,,,,,,,
,,,,,,,
,,,,,,,
Rooftop Silent Disco,Dance to your own music channel with wireless headphones,7,4,8,3,9,7
Pop-Up Outdoor Movie Night,Bring blankets for cult classics under the stars,5,5,4,2,2,6
Bubble Soccer Tournament,Play soccer while encased in inflatable bubbles,8,7,9,1,10,6
Adult Field Day Competition,Compete in nostalgic childhood games with team prizes,9,8,7,2,8,7
Blind Taste Test Challenge,Guess mystery foods and drinks while blindfolded,7,7,6,4,3,5
Neon Night Bike Ride,Group cycling with glow sticks through city streets,6,5,7,1,8,7
Local Band Bar Crawl,Visit multiple venues featuring live music,8,4,5,3,7,8
Plant Swap & Cocktail Mixer,Trade houseplants while enjoying botanical drinks,7,3,6,5,3,4
Sunset Paddleboard Meetup,Group water adventure with amazing photo opportunities,5,4,7,2,6,7
Interactive Art Installation,Explore exhibits where you become part of the art,4,3,9,3,4,8
Powerpoint Party Night,Friends present hilarious 5-minute slideshows on random topics,9,6,8,2,5,5
Outdoor Yoga & Brunch,Morning stretch session followed by mimosas and food,6,7,3,4,5,5
True Crime Podcast Club,Discuss popular episodes over drinks and appetizers,6,5,4,3,2,6
Retro Video Game Tournament,"Compete on N64, PlayStation 1 and other vintage consoles",7,6,5,1,6,7
Polaroid Scavenger Hunt,Capture instant photos of specific city locations,8,7,6,2,7,7
DIY Cocktail Chemistry,Create molecular gastronomy drinks with science techniques,6,8,9,5,4,6
Thrift Store Formal Party,Dress up in secondhand fancy clothes for mock gala,9,4,8,7,6,7
Indoor Rock Climbing Social,Scale walls with new friends and instructors,7,7,6,2,9,7
Puppy Yoga Session,Practice poses with adoptable dogs running around,5,6,8,3,5,6
Graffiti Workshop & Jam,Learn spray paint art techniques with DJ backdrop,5,7,8,2,6,7
Food Truck Festival Meetup,Sample multiple cuisines from mobile vendors,7,3,5,2,4,6
Sunset Kayak & Beers,Paddle through urban waterways ending at waterfront bar,5,5,7,2,7,8
Living Room Concert Series,Local musicians perform intimate shows in homes,6,5,6,4,3,7
DIY Pottery Painting Night,Decorate ceramics with friends while sipping drinks,5,6,4,3,2,4
Hot Air Balloon Festival,Watch colorful balloons launch at dawn,4,5,8,3,3,9
Vintage Arcade Bar Night,Play classic games while enjoying themed cocktails,7,3,6,2,5,6
Floating Cinema Experience,Watch movies from inner tubes in heated pool,5,7,9,3,3,8
Group Sunset Hike & Picnic,Climb to scenic viewpoint for evening meal,6,4,5,1,7,7
Tarot Reading Party,Get fortune told while enjoying mystical-themed snacks,7,5,7,4,2,6
Internet Meme Trivia Night,Test knowledge of viral content with team competition,8,8,6,2,4,5
,,,,,,,
"# 30 Creative, Appealing Social Activities That Make You Say ""I Want To Do That!""",,,,,,,
,,,,,,,
,,,,,,,
,,,,,,,
Secret Rooftop Movie Night,Watch cult classics under stars on hidden building top,7,4,8,3,3,8
Underground Pizza Crawl,Tour the city's most authentic hidden slice spots,8,5,7,1,6,7
Midnight Dessert Tour,Visit 24-hour bakeries and dessert bars after hours,7,6,8,4,4,7
Brewery Yoga & Flight Tasting,Morning poses followed by craft beer sampling,6,7,7,3,6,6
Neon Night Cycle,Group bike ride with LED-decorated wheels through city,7,5,8,2,8,8
Secret Bar Passport Challenge,Find and drink at 5 password-only speakeasies in one night,8,6,9,6,7,8
Pop-up Dinner in Unexpected Location,Farm-to-table meal in subway tunnel or abandoned building,6,7,10,7,4,9
Analog Game Night Tournament,"Competitive Jenga, Cards Against Humanity & drinking games",9,5,4,2,5,7
DIY Music Festival Hopping,Create wristbands to blend into multiple paid events,7,3,9,3,8,9
Sunset Kayaking City Harbor,Paddle through urban waterways during golden hour,5,6,8,3,7,8
Retro Arcade Bar Challenge,Beat high scores while sampling themed cocktails,7,5,7,2,6,7
Hot Sauce Tasting Competition,Test your limits with increasingly spicy varieties,8,7,6,3,5,6
Neighborhood Photo Scavenger Hunt,Race to capture creative shots of local landmarks,8,8,7,2,8,7
Hidden Waterfall Swimming Hole,Find secluded natural pool just outside the city,6,3,9,1,7,9
Midnight Bookstore Champagne Browse,Special after-hours access to indie shop with drinks,6,4,8,6,3,7
Celebrity Chef Restaurant Week,Split the bill at normally unaffordable hotspot,7,5,6,8,3,7
Full Moon Bonfire Beach Party,Gather around flames with acoustic music on sand,8,3,7,2,6,8
Floating Cinema Night,Watch films from inner tubes in heated rooftop pool,5,6,10,4,3,9
Street Art Walking Tour & Workshop,Learn techniques after seeing neighborhood murals,6,7,8,3,5,7
BYOB Painting Party,Create canvas art with friends bringing their own drinks,7,6,5,3,4,6
Creative Cocktail Making Class,Learn molecular mixology with taste-testing,8,8,8,5,4,7
Trampoline Dodge Ball Tournament,Bouncing battle royale at indoor jump center,8,7,9,1,10,7
Nighttime Museum Treasure Hunt,Solve riddles through exhibits after closing time,7,8,9,6,6,8
Garden Rooftop Yoga & Brunch,Morning stretches with skyline views and mimosas,6,7,6,5,5,7
Immersive Theater Experience,Interactive performance where you become part of story,7,8,10,5,5,9
Sunset Harbor Sail & Drinks,Evening cruise around city waterfront with open bar,7,5,7,6,4,8
Midnight Food Truck Rally,Late-night gathering of city's best mobile eateries,8,3,7,2,5,7
Urban Waterfall Rappelling,Descend city park cascade with professional guides,6,9,10,3,9,9
Warehouse District Art Party,Gallery openings with DJs and pop-up performances,8,4,8,4,7,8
Indoor Skydiving & Cocktails,Experience weightlessness then discuss over drinks,7,7,9,4,8,8
,,,,,,,
# 30 More Balanced Social Activities (Including Chill/Normal Options),,,,,,,
,,,,,,,
,,,,,,,
,,,,,,,
Coffee Shop Work Session,Bring laptops but actually just chat for hours,6,2,2,3,2,4
Sunday Picnic in the Park,Simple blanket spread with friends and snacks,7,2,3,2,3,5
Weeknight Trivia at Local Bar,Test knowledge with pitcher specials and nachos,8,7,3,2,4,5
Backyard BBQ Potluck,Everyone brings a dish to share around the grill,8,3,2,2,4,6
Movie Night with Commentary,Watch and provide running jokes throughout,7,4,3,1,2,6
Farmers Market Breakfast Date,Browse stalls then enjoy coffee and pastries,5,3,4,3,4,5
Book Club Wine Night,Discuss latest read with generous pours,7,5,2,4,2,5
Casual Patio Happy Hour,Meet after work for outdoor drinks and apps,7,2,2,4,3,4
Community Garden Volunteer Day,Plant and weed together then share harvest,6,5,4,2,6,5
Board Game CafÃ© Hangout,Play from library of games with coffee and snacks,8,4,4,2,3,6
Sunset Beach Walk & Drinks,Stroll along shore then hit beachfront bar,6,2,3,2,4,6
Living Room Concert Streaming,Watch live music online with takeout food,5,3,4,1,2,5
Fire Pit S'mores Night,Gather around flames for conversation and treats,7,2,3,1,3,6
Neighborhood Food Crawl,Hit several local spots for different courses,8,5,5,3,5,7
Craft Beer Flight Sampling,Try small pours of local brews with friends,7,4,4,3,3,5
Group Hike on Easy Trail,Walk scenic path with frequent photo stops,6,4,5,1,6,7
Painting & Wine Evening,Follow instructor while enjoying drinks,5,7,5,4,3,6
Open Mic Night Support,Watch friends perform at local venue,6,5,4,3,3,6
Casual Volleyball at the Beach,Drop-in game with minimal keeping score,7,3,3,1,7,5
Classic Cocktail Home Bartending,Learn to make perfect standards in someone's kitchen,7,6,4,4,3,5
Record Store Browsing & Coffee,Flip through vinyl then discuss finds nearby,5,2,4,3,3,5
Pottery Painting Studio,Decorate pre-made ceramics with glazes,5,5,5,3,2,5
Outdoor Movie in the Park,Community screening with lawn chairs and snacks,6,5,3,2,2,6
Bookstore Reading & Signing,Hear author discuss new work with Q&A,4,7,4,5,2,5
Downtown Gallery Walk,Visit multiple art spaces during monthly event,5,4,5,5,4,6
Casual Sports League Game,Weekly friendly competition with social focus,8,6,3,2,7,6
Rooftop Sunset Drinks,Watch day end from elevated patio bar,6,2,4,5,3,6
Weekend Camping Trip,Overnight at nearby site with campfire stories,8,4,5,1,5,8
Home Cooking Competition,Friends each prepare a dish for group judging,8,6,5,3,5,6
Neighborhood Ice Cream Stroll,Walk and talk while sampling different shops,6,3,4,2,4,5
,,,,,,,
# 30 High-Energy Social Activities,,,,,,,
,,,,,,,
,,,,,,,
,,,,,,,
Warehouse District Dance Marathon,12-hour non-stop dancing with rotating DJs,9,5,7,3,10,9
Extreme Obstacle Race,"Mud, fire, ice water and walls in team competition",8,8,7,2,10,9
Silent Disco Subway Takeover,Flash mob dance party on public transportation,8,6,9,2,9,8
Sunrise Mountain Bike Adventure,Hit the trails at dawn for adrenaline rush,6,7,7,2,10,8
Ultimate Trampoline Dodgeball,Aerial attacks in bouncy battlefield,9,7,8,1,10,7
Midnight Laser Tag Tournament,Multi-level arena combat in glowing maze,9,8,6,2,9,8
Foam Party Nightclub,Dance through waist-deep bubbles with light show,8,4,8,3,10,8
White Water Rafting Day,Navigate rapids with guide and friends,7,8,8,2,10,9
Carnival Ride Power Hour,Hit every thrill ride in the park back-to-back,7,6,6,1,10,8
Rock Concert Mosh Pit,Lose yourself in the crowd at high-energy show,8,3,5,1,10,9
Parkour City Challenge,"Learn to vault, climb and jump urban obstacles",7,8,9,2,10,8
Fight Club Fitness Class,High-intensity boxing workout with partners,7,9,7,3,10,7
Roller Derby Match,Fast-paced skating competition with team spirit,8,7,8,2,10,8
Festival All-Nighter,Dance between stages until sunrise,8,4,7,2,10,10
Indoor Skydiving Competition,Master aerial stunts in vertical wind tunnel,6,8,9,3,9,8
Nightclub Island Boat Party,Dance on deck while cruising between venues,9,6,8,5,9,9
City-Wide Scavenger Hunt Race,Sprint between landmarks solving clues,9,8,7,3,9,8
Bubble Soccer Showdown,Full-contact soccer in inflatable suits,9,7,9,1,10,7
Ninja Warrior Course Challenge,Test skills on TV-show inspired obstacles,7,8,8,2,10,8
Surf Lesson & Beach Volleyball,Catch waves then hit the sand for games,7,7,6,2,9,8
High-Speed Go-Kart Racing,Compete for best lap times on professional track,7,8,6,3,9,8
Treetop Zipline Adventure,Fly between platforms high above ground,6,8,8,3,9,9
LED Hoop Dance Workshop,Master illuminated props to electronic beats,6,8,9,3,9,7
Rooftop Pool Party,Day-to-night swimming with DJs and drinks,9,4,6,4,8,8
Wilderness Survival Challenge,24-hour team competition using outdoor skills,8,7,9,2,9,10
Fire Spinning Jam Session,Practice flame manipulation with safety team,6,5,10,3,8,9
Bike Party Critical Mass,Join hundreds cycling through city streets,7,5,7,1,9,8
Nighttime Color Run,5K with powder stations and glow accessories,7,7,7,2,9,7
Rock Climbing Competition,Race to the top on challenging indoor routes,6,8,7,3,10,8
Hip Hop Dance Battle,Show off moves in friendly competition circle,7,6,7,3,10,8